{"batch_size": [1, 2, 4, 8, 12, 16, 20], "throughout": [46.95622634887695, 93.79076385498047, 187.6521453857422, 373.5924072265625, 518.2271728515625, 623.7566528320312, 720.4221801757812], "eagle_throughout": [98.33430963279893, 193.88606673677026, 382.50321665126285, 635.1351699074481, 800.2340975945823, 865.5595375445, 952.2410322962667]}